station,filas,fecha_inicio,fecha_fin,path_parquet,path_csv,missing_pct_precip,min_scaled_precip,max_scaled_precip,missing_pct_evap,min_scaled_evap,max_scaled_evap,missing_pct_tmax,min_scaled_tmax,max_scaled_tmax,missing_pct_tmin,min_scaled_tmin,max_scaled_tmin
25001,21673,1961-01-01,2026-02-28,data/processed/parquet/estacion=25001.parquet,data/processed/csv/estacion=25001.csv,0.18,0.0,0.556722,3.8,0.0,0.908982,0.04,-2.994259,2.614466,0.04,-3.095914,2.141675
25002,7853,1960-07-01,1990-04-30,data/processed/parquet/estacion=25002.parquet,data/processed/csv/estacion=25002.csv,0.08,0.0,0.302433,62.08,0.001604,0.717322,61.68,-3.402166,2.716443,61.68,-2.531866,1.980518
25003,17946,1962-07-01,2025-12-08,data/processed/parquet/estacion=25003.parquet,data/processed/csv/estacion=25003.csv,0.03,0.0,0.448143,13.02,0.003609,0.637129,0.22,-4.217981,3.634235,0.22,-2.531866,2.141675
25004,1458,1970-11-02,1974-12-31,data/processed/parquet/estacion=25004.parquet,data/processed/csv/estacion=25004.csv,0.21,0.0,0.253521,15.36,0.003609,0.681235,0.62,-3.198213,2.716443,0.62,-2.693023,1.819362
25005,6801,1962-12-17,1981-09-30,data/processed/parquet/estacion=25005.parquet,data/processed/csv/estacion=25005.csv,0.9,0.0,0.487068,13.84,0.003609,0.605052,0.03,-3.708097,2.512489,0.03,-2.693023,2.061097
25006,18750,1921-01-01,1981-01-31,data/processed/parquet/estacion=25006.parquet,data/processed/csv/estacion=25006.csv,1.33,0.0,0.396927,99.04,0.063753,0.472735,11.34,-4.727865,3.328304,11.34,-3.176493,1.980518
25007,11913,1953-07-01,1989-12-31,data/processed/parquet/estacion=25007.parquet,data/processed/csv/estacion=25007.csv,0.84,0.0,0.519846,15.77,0.003609,0.669206,13.84,-3.504143,2.81842,13.84,-3.257071,1.980518
25008,12595,1962-01-01,2000-12-31,data/processed/parquet/estacion=25008.parquet,data/processed/csv/estacion=25008.csv,0.33,0.0,0.56338,3.7,0.0,0.596231,2.36,-3.810074,2.206559,2.36,-2.693023,2.463988
25009,20861,1961-01-01,2026-02-28,data/processed/parquet/estacion=25009.parquet,data/processed/csv/estacion=25009.csv,0.26,0.0,0.59872,14.29,0.000802,0.657177,0.33,-4.421935,2.920397,0.33,-3.015336,2.38341
25010,1308,1970-11-01,1974-06-30,data/processed/parquet/estacion=25010.parquet,data/processed/csv/estacion=25010.csv,0.0,0.0,0.204866,0.31,0.007618,0.681235,0.0,-2.688329,2.308536,0.0,-1.88724,2.061097
25011,11920,1961-01-01,2001-03-31,data/processed/parquet/estacion=25011.parquet,data/processed/csv/estacion=25011.csv,0.31,0.0,0.701665,0.12,0.003609,0.617081,0.8,-4.421935,1.798652,0.8,-2.531866,1.819362
25012,11508,1908-11-01,1988-09-30,data/processed/parquet/estacion=25012.parquet,data/processed/csv/estacion=25012.csv,0.85,0.0,0.742638,93.78,0.003609,0.448677,0.87,-3.810074,2.512489,0.87,-2.531866,2.947458
25013,6026,1969-01-01,1985-08-31,data/processed/parquet/estacion=25013.parquet,data/processed/csv/estacion=25013.csv,0.53,0.0,0.427657,2.17,0.002807,0.597033,0.03,-2.790305,2.716443,0.03,-2.693023,2.061097
25014,21312,1951-01-01,2026-04-30,data/processed/parquet/estacion=25014.parquet,data/processed/csv/estacion=25014.csv,7.14,0.0,0.701665,61.91,0.001604,0.601043,2.18,-3.565329,2.614466,2.18,-2.693023,2.882995
25015,23827,1961-01-01,2026-04-30,data/processed/parquet/estacion=25015.parquet,data/processed/csv/estacion=25015.csv,0.16,0.0,0.660691,5.64,0.0,0.771451,0.41,-3.810074,2.716443,0.41,-2.37071,2.222253
25016,3843,1967-06-01,1978-05-31,data/processed/parquet/estacion=25016.parquet,data/processed/csv/estacion=25016.csv,0.39,0.0,0.361076,73.25,0.00401,0.459904,13.43,-3.198213,2.104582,13.43,-2.209553,1.980518
25017,10731,1953-01-01,1985-08-31,data/processed/parquet/estacion=25017.parquet,data/processed/csv/estacion=25017.csv,0.75,0.0,0.345711,36.49,0.001604,0.673216,0.69,-4.421935,3.12435,0.69,-2.934758,2.544567
25018,17343,1943-08-01,2025-12-08,data/processed/parquet/estacion=25018.parquet,data/processed/csv/estacion=25018.csv,0.24,0.0,0.345711,57.4,0.003609,0.673216,12.87,-4.421935,3.205932,12.87,-3.176493,3.108615
25019,21540,1953-01-01,2012-10-31,data/processed/parquet/estacion=25019.parquet,data/processed/csv/estacion=25019.csv,0.19,0.0,0.386172,13.59,0.003208,0.661187,0.47,-4.116004,3.12435,0.47,-3.901697,2.544567
25020,1840,1970-11-01,1975-12-30,data/processed/parquet/estacion=25020.parquet,data/processed/csv/estacion=25020.csv,0.05,0.0,0.204866,3.86,0.007618,0.701283,0.38,-3.30019,2.308536,0.38,-2.693023,1.738784
25021,19220,1962-11-24,2025-05-31,data/processed/parquet/estacion=25021.parquet,data/processed/csv/estacion=25021.csv,1.46,0.0,0.832266,99.77,0.0,0.704892,0.1,-4.421935,2.308536,0.1,-2.693023,2.141675
25022,16211,1969-01-01,2026-02-28,data/processed/parquet/estacion=25022.parquet,data/processed/csv/estacion=25022.csv,0.12,0.0,0.368758,18.24,0.000802,0.713312,0.07,-4.625888,2.716443,0.07,-2.854179,2.222253
25023,22174,1955-01-01,2026-03-31,data/processed/parquet/estacion=25023.parquet,data/processed/csv/estacion=25023.csv,0.18,0.0,0.416133,37.91,0.003609,0.693264,0.32,-4.523912,2.716443,0.32,-3.498806,2.141675
25024,11596,1961-01-01,1999-09-30,data/processed/parquet/estacion=25024.parquet,data/processed/csv/estacion=25024.csv,0.32,0.0,0.609475,76.91,0.003609,0.686848,76.65,-3.810074,2.104582,76.65,-2.209553,2.625145
25025,21479,1961-01-01,2026-01-31,data/processed/parquet/estacion=25025.parquet,data/processed/csv/estacion=25025.csv,0.44,0.0,0.293214,12.15,0.000401,0.689254,0.02,-4.014027,2.920397,0.02,-3.176493,1.980518
25027,8494,1962-01-01,1985-07-31,data/processed/parquet/estacion=25027.parquet,data/processed/csv/estacion=25027.csv,0.86,0.0,0.53265,2.73,0.003609,0.709302,1.26,-3.60612,2.512489,1.26,-2.854179,1.89994
25028,11990,1961-01-01,2001-03-31,data/processed/parquet/estacion=25028.parquet,data/processed/csv/estacion=25028.csv,0.33,0.0,0.585147,0.08,0.003609,0.62911,0.78,-3.810074,2.104582,0.78,-2.290131,1.89994
25029,11900,1961-01-01,2001-03-31,data/processed/parquet/estacion=25029.parquet,data/processed/csv/estacion=25029.csv,0.3,0.0,0.819462,0.04,0.001604,0.641139,0.01,-5.237749,0.472953,0.01,-2.773601,0.852422
25030,22484,1962-06-01,2025-05-31,data/processed/parquet/estacion=25030.parquet,data/processed/csv/estacion=25030.csv,0.6,0.0,0.622279,74.89,0.001604,0.872494,2.38,-4.014027,2.614466,2.38,-3.659962,3.269771
25031,11873,1961-01-01,2001-02-28,data/processed/parquet/estacion=25031.parquet,data/processed/csv/estacion=25031.csv,0.3,0.0,0.604353,0.55,0.003609,0.677225,0.28,-2.994259,1.900629,0.28,-2.693023,1.980518
25032,15183,1965-01-01,2026-01-31,data/processed/parquet/estacion=25032.parquet,data/processed/csv/estacion=25032.csv,0.57,0.0,0.399488,20.92,0.003609,0.673216,5.63,-3.708097,2.716443,5.63,-2.451288,2.141675
25033,22847,1961-01-01,2026-03-31,data/processed/parquet/estacion=25033.parquet,data/processed/csv/estacion=25033.csv,0.35,0.0,0.466069,2.18,0.000802,0.713312,0.2,-4.217981,2.920397,0.2,-2.451288,2.463988
25035,4136,1970-10-01,1983-02-28,data/processed/parquet/estacion=25035.parquet,data/processed/csv/estacion=25035.csv,0.0,0.0,0.258643,0.05,0.003609,0.62911,0.0,-4.014027,2.002605,0.0,-3.257071,2.061097
25036,14739,1961-01-01,2025-05-31,data/processed/parquet/estacion=25036.parquet,data/processed/csv/estacion=25036.csv,0.07,0.0,0.491677,100.0,,,0.33,-3.60612,2.308536,0.33,-2.37071,1.658205
25037,24959,1953-01-01,2025-11-30,data/processed/parquet/estacion=25037.parquet,data/processed/csv/estacion=25037.csv,0.18,0.0,0.514469,1.78,0.001203,0.718925,0.18,-3.912051,2.716443,0.18,-2.773601,2.141675
25038,19680,1969-01-15,2025-03-31,data/processed/parquet/estacion=25038.parquet,data/processed/csv/estacion=25038.csv,1.11,0.0,0.622279,68.66,0.003609,0.657177,0.97,-4.014027,2.716443,0.97,-2.773601,2.38341
25039,5912,1969-01-15,1985-12-31,data/processed/parquet/estacion=25039.parquet,data/processed/csv/estacion=25039.csv,0.27,0.0,0.588476,29.23,0.003609,0.657177,12.65,-4.014027,2.104582,12.65,-2.531866,1.980518
25040,1247,1970-11-01,1974-04-30,data/processed/parquet/estacion=25040.parquet,data/processed/csv/estacion=25040.csv,0.0,0.0,0.051216,0.16,0.011628,0.320369,0.16,-3.198213,1.900629,0.16,-2.531866,1.819362
25041,22189,1964-01-01,2026-04-30,data/processed/parquet/estacion=25041.parquet,data/processed/csv/estacion=25041.csv,0.43,0.0,0.445583,69.57,0.001604,0.665196,1.7,-4.014027,2.920397,1.7,-2.612445,2.141675
25042,20122,1962-03-01,2026-01-31,data/processed/parquet/estacion=25042.parquet,data/processed/csv/estacion=25042.csv,0.34,0.0,0.760563,23.59,0.003609,0.594627,0.04,-4.014027,2.410513,0.04,-2.451288,2.141675
25043,11564,1961-01-01,2001-02-28,data/processed/parquet/estacion=25043.parquet,data/processed/csv/estacion=25043.csv,0.8,0.0,0.640205,71.06,0.001203,0.572975,71.59,-4.014027,3.12435,71.59,-3.015336,1.819362
25044,22791,1961-01-01,2025-03-31,data/processed/parquet/estacion=25044.parquet,data/processed/csv/estacion=25044.csv,0.37,0.0,0.463508,18.45,0.003609,0.697273,0.14,-6.155541,3.736211,0.14,-3.740541,2.141675
25045,22873,1961-01-01,2026-03-31,data/processed/parquet/estacion=25045.parquet,data/processed/csv/estacion=25045.csv,0.14,0.0,0.834571,11.76,0.000401,1.0,1.15,-3.60612,2.716443,1.15,-2.612445,1.980518
25046,29259,1942-01-01,2026-01-31,data/processed/parquet/estacion=25046.parquet,data/processed/csv/estacion=25046.csv,0.96,0.0,0.898848,4.48,0.0,0.717322,1.73,-4.319958,3.328304,1.73,-3.257071,1.980518
25047,5928,1972-03-09,1988-07-31,data/processed/parquet/estacion=25047.parquet,data/processed/csv/estacion=25047.csv,1.05,0.0,0.512164,100.0,,,0.02,-4.217981,1.492721,0.02,-2.048396,1.174735
25048,4948,1969-01-08,1982-08-31,data/processed/parquet/estacion=25048.parquet,data/processed/csv/estacion=25048.csv,0.0,0.0,0.514725,2.43,0.027666,0.641139,16.73,-2.994259,2.410513,16.73,-2.37071,2.141675
25049,22819,1961-01-01,2025-05-31,data/processed/parquet/estacion=25049.parquet,data/processed/csv/estacion=25049.csv,0.14,0.0,0.588988,15.7,0.000401,0.621091,0.01,-4.014027,2.512489,0.01,-2.531866,2.302832
25050,18284,1969-01-01,2025-07-31,data/processed/parquet/estacion=25050.parquet,data/processed/csv/estacion=25050.csv,0.28,0.0,0.84507,23.45,0.003609,0.914595,0.13,-4.217981,1.900629,0.13,-3.015336,2.625145
25052,10706,1963-01-01,2001-02-28,data/processed/parquet/estacion=25052.parquet,data/processed/csv/estacion=25052.csv,0.44,0.0,0.548015,58.28,0.003609,0.705293,54.93,-3.585725,3.328304,54.93,-2.854179,2.302832
25053,9144,1961-02-01,1998-12-31,data/processed/parquet/estacion=25053.parquet,data/processed/csv/estacion=25053.csv,0.25,0.0,0.604353,4.66,0.003609,0.613071,9.15,-3.402166,2.512489,9.15,-3.095914,1.89994
25054,9923,1961-01-01,2001-03-31,data/processed/parquet/estacion=25054.parquet,data/processed/csv/estacion=25054.csv,1.24,0.0,0.81178,70.1,0.003609,0.609062,72.11,-3.483748,3.328304,72.11,-2.451288,1.89994
25055,13487,1961-01-01,1999-01-31,data/processed/parquet/estacion=25055.parquet,data/processed/csv/estacion=25055.csv,0.85,0.0,0.313444,0.3,0.003609,0.677225,0.14,-4.116004,2.410513,0.14,-2.854179,2.302832
25056,11744,1970-07-01,2005-05-31,data/processed/parquet/estacion=25056.parquet,data/processed/csv/estacion=25056.csv,1.06,0.0,0.546735,3.32,0.0,0.597033,0.69,-2.994259,3.328304,0.69,-2.693023,2.463988
25057,1308,1970-11-01,1974-06-30,data/processed/parquet/estacion=25057.parquet,data/processed/csv/estacion=25057.csv,0.0,0.0,0.37644,0.31,0.011628,0.601043,0.0,-2.892282,1.798652,0.0,-2.048396,1.819362
25058,6459,1963-08-01,1981-11-30,data/processed/parquet/estacion=25058.parquet,data/processed/csv/estacion=25058.csv,0.63,0.0,0.645327,2.17,0.003609,0.633119,0.7,-2.994259,1.594698,0.7,-2.531866,1.819362
25059,5985,1970-10-01,1990-12-31,data/processed/parquet/estacion=25059.parquet,data/processed/csv/estacion=25059.csv,0.0,0.0,0.233035,0.05,0.003609,0.62911,2.02,-4.523912,3.022374,2.02,-2.693023,1.89994
25060,2039,1970-11-01,1981-12-31,data/processed/parquet/estacion=25060.parquet,data/processed/csv/estacion=25060.csv,3.04,0.0,0.322663,1.13,0.001604,0.701283,0.0,-3.402166,2.104582,0.0,-2.693023,1.980518
25061,5184,1971-01-19,1985-08-31,data/processed/parquet/estacion=25061.parquet,data/processed/csv/estacion=25061.csv,0.04,0.0,0.266325,0.27,0.005613,0.540898,3.7,-4.116004,2.308536,3.7,-3.498806,1.980518
25062,19123,1933-02-06,2025-01-10,data/processed/parquet/estacion=25062.parquet,data/processed/csv/estacion=25062.csv,8.18,0.0,0.876312,73.56,0.000401,0.706897,10.75,-3.585725,3.307909,10.75,-2.693023,3.011921
25063,5539,1970-11-01,1985-12-31,data/processed/parquet/estacion=25063.parquet,data/processed/csv/estacion=25063.csv,0.61,0.0,0.332907,87.9,0.039695,0.721331,0.04,-3.810074,1.900629,0.04,-2.693023,2.141675
25064,18936,1969-01-01,2025-05-31,data/processed/parquet/estacion=25064.parquet,data/processed/csv/estacion=25064.csv,0.22,0.0,0.640205,100.0,,,0.24,-4.829842,2.512489,0.24,-3.337649,2.463988
25065,13966,1963-08-01,2024-12-31,data/processed/parquet/estacion=25065.parquet,data/processed/csv/estacion=25065.csv,0.5,0.0,0.352113,21.72,0.0,0.645148,13.88,-4.523912,3.430281,13.88,-2.531866,3.269771
25066,11661,1961-01-01,2001-03-31,data/processed/parquet/estacion=25066.parquet,data/processed/csv/estacion=25066.csv,0.81,0.0,0.307298,53.11,0.001203,0.6251,57.33,-3.198213,3.12435,57.33,-3.015336,3.108615
25068,8758,1961-01-01,1985-08-31,data/processed/parquet/estacion=25068.parquet,data/processed/csv/estacion=25068.csv,0.03,0.0,0.349552,0.14,0.000802,0.681235,0.06,-4.829842,3.430281,0.06,-2.451288,2.141675
25069,9500,1961-01-01,1988-08-31,data/processed/parquet/estacion=25069.parquet,data/processed/csv/estacion=25069.csv,1.07,0.0,0.896287,12.33,0.002005,0.661187,2.03,-4.625888,2.716443,2.03,-2.693023,2.222253
25070,7033,1962-11-25,1983-06-30,data/processed/parquet/estacion=25070.parquet,data/processed/csv/estacion=25070.csv,0.03,0.0,0.768246,99.18,0.019647,0.087811,1.75,-3.810074,2.104582,1.75,-1.40377,1.980518
25071,16792,1961-11-01,2009-08-31,data/processed/parquet/estacion=25071.parquet,data/processed/csv/estacion=25071.csv,0.91,0.0,0.827145,12.42,0.002005,0.693264,0.27,-3.504143,2.512489,0.27,-2.499635,2.302832
25072,7299,1971-01-01,2001-03-31,data/processed/parquet/estacion=25072.parquet,data/processed/csv/estacion=25072.csv,0.07,0.0,0.435339,0.01,0.001604,0.684042,0.05,-3.402166,2.308536,0.05,-2.531866,1.819362
25073,8100,1963-06-01,1988-08-31,data/processed/parquet/estacion=25073.parquet,data/processed/csv/estacion=25073.csv,0.41,0.0,0.527785,99.62,0.043705,0.083801,0.15,-3.810074,1.492721,0.15,-1.88724,1.174735
25074,19177,1969-01-01,2025-06-30,data/processed/parquet/estacion=25074.parquet,data/processed/csv/estacion=25074.csv,0.37,0.0,0.742638,99.34,0.0,0.320369,0.16,-4.625888,3.12435,0.16,-3.015336,1.497049
25075,2391,1970-11-24,1980-09-30,data/processed/parquet/estacion=25075.parquet,data/processed/csv/estacion=25075.csv,0.17,0.0,0.466069,98.91,0.103849,0.336407,15.81,-2.586352,1.696675,15.81,-1.645505,1.980518
25076,9761,1928-01-01,1988-01-31,data/processed/parquet/estacion=25076.parquet,data/processed/csv/estacion=25076.csv,1.59,0.0,0.46991,100.0,,,0.42,-3.60612,2.512489,0.42,-2.660791,2.544567
25077,14858,1961-12-01,2025-05-31,data/processed/parquet/estacion=25077.parquet,data/processed/csv/estacion=25077.csv,0.51,0.0,0.768246,69.75,0.003609,0.657177,0.46,-3.60612,3.532258,0.46,-3.337649,2.463988
25078,22262,1963-06-18,2026-01-31,data/processed/parquet/estacion=25078.parquet,data/processed/csv/estacion=25078.csv,0.2,0.0,0.6863,11.89,0.000401,0.667201,0.69,-3.239004,2.512489,0.69,-2.467404,2.302832
25079,1208,1970-11-01,1974-10-31,data/processed/parquet/estacion=25079.parquet,data/processed/csv/estacion=25079.csv,0.25,0.0,0.384123,6.71,0.003208,0.372494,0.58,-2.790305,2.104582,0.58,-1.40377,1.819362
25080,20650,1962-05-01,2026-03-31,data/processed/parquet/estacion=25080.parquet,data/processed/csv/estacion=25080.csv,0.17,0.0,0.763124,32.74,0.001203,0.656375,4.48,-4.217981,2.512489,4.48,-3.176493,2.302832
25081,28926,1944-08-01,2026-02-28,data/processed/parquet/estacion=25081.parquet,data/processed/csv/estacion=25081.csv,0.59,0.0,0.574392,2.99,0.000802,0.713312,11.89,-3.198213,2.512489,11.89,-3.498806,1.89994
25082,14669,1961-01-01,2001-07-31,data/processed/parquet/estacion=25082.parquet,data/processed/csv/estacion=25082.csv,0.01,0.0,0.565941,0.76,0.003609,0.67081,0.22,-4.523912,3.226327,0.22,-3.015336,2.141675
25083,4477,1961-01-01,1974-04-30,data/processed/parquet/estacion=25083.parquet,data/processed/csv/estacion=25083.csv,0.02,0.0,0.204353,9.81,0.003609,0.621091,0.29,-4.014027,2.81842,0.29,-2.37071,1.980518
25084,10803,1976-01-01,2005-11-30,data/processed/parquet/estacion=25084.parquet,data/processed/csv/estacion=25084.csv,0.01,0.0,0.358515,34.45,0.001604,0.711307,0.05,-4.116004,3.226327,0.05,-2.531866,2.463988
25085,11020,1961-01-01,2001-03-31,data/processed/parquet/estacion=25085.parquet,data/processed/csv/estacion=25085.csv,0.36,0.0,0.512164,72.12,0.003609,0.593023,72.16,-3.60612,2.308536,72.16,-2.693023,2.625145
25086,7792,1964-04-01,1985-08-31,data/processed/parquet/estacion=25086.parquet,data/processed/csv/estacion=25086.csv,0.83,0.0,0.367478,0.4,0.003609,0.633119,0.05,-3.402166,2.512489,0.05,-2.693023,2.222253
25087,22782,1961-01-01,2026-03-31,data/processed/parquet/estacion=25087.parquet,data/processed/csv/estacion=25087.csv,0.22,0.0,0.503201,13.15,0.0,0.617081,0.26,-4.014027,2.716443,0.26,-3.498806,2.786301
25088,8918,1961-01-01,1985-08-31,data/processed/parquet/estacion=25088.parquet,data/processed/csv/estacion=25088.csv,1.09,0.0,0.368758,1.09,0.003609,0.617081,0.02,-4.116004,2.512489,0.02,-2.531866,2.222253
25089,1367,1972-01-01,1977-03-31,data/processed/parquet/estacion=25089.parquet,data/processed/csv/estacion=25089.csv,0.0,0.0,0.28169,15.8,0.003609,0.560946,0.22,-5.237749,3.532258,0.22,-3.015336,1.980518
25090,4989,1961-01-01,1978-12-31,data/processed/parquet/estacion=25090.parquet,data/processed/csv/estacion=25090.csv,2.16,0.0,0.317542,95.23,0.039695,0.440658,7.86,-5.237749,3.532258,7.86,-2.693023,2.947458
25091,12198,1959-03-16,1999-09-30,data/processed/parquet/estacion=25091.parquet,data/processed/csv/estacion=25091.csv,0.59,0.0,0.819462,0.94,0.002005,0.597835,1.83,-3.402166,3.532258,1.83,-1.88724,2.141675
25092,10985,1961-01-01,2001-03-31,data/processed/parquet/estacion=25092.parquet,data/processed/csv/estacion=25092.csv,0.37,0.0,0.358515,79.77,0.003609,0.653168,79.47,-4.421935,2.308536,79.47,-2.693023,1.738784
25093,17110,1961-01-01,2025-05-31,data/processed/parquet/estacion=25093.parquet,data/processed/csv/estacion=25093.csv,0.27,0.0,0.829706,17.55,0.000401,0.901764,0.29,-5.441703,0.982837,0.29,-4.304589,0.691266
25094,5621,1969-02-01,1987-04-30,data/processed/parquet/estacion=25094.parquet,data/processed/csv/estacion=25094.csv,1.74,0.0,0.747759,98.88,0.007618,0.09182,1.0,-5.237749,1.288768,1.0,-3.015336,1.980518
25095,3381,1955-05-01,1999-12-31,data/processed/parquet/estacion=25095.parquet,data/processed/csv/estacion=25095.csv,0.06,0.0,0.497823,0.0,0.002406,0.576584,8.55,-3.198213,1.798652,8.55,-2.048396,1.497049
25097,10744,1961-01-01,2001-03-31,data/processed/parquet/estacion=25097.parquet,data/processed/csv/estacion=25097.csv,0.08,0.0,0.335467,0.06,0.003609,0.645148,0.03,-4.217981,2.716443,0.03,-2.854179,1.819362
25098,15576,1963-09-01,2011-07-31,data/processed/parquet/estacion=25098.parquet,data/processed/csv/estacion=25098.csv,0.92,0.0,0.549296,5.27,0.000401,0.597033,1.9,-3.810074,2.512489,1.9,-2.693023,2.625145
25099,4587,1964-08-01,1977-08-31,data/processed/parquet/estacion=25099.parquet,data/processed/csv/estacion=25099.csv,0.68,0.0,0.37388,0.61,0.003609,0.645148,0.59,-3.810074,1.390744,0.59,-1.88724,2.302832
25100,19457,1961-01-01,2024-03-31,data/processed/parquet/estacion=25100.parquet,data/processed/csv/estacion=25100.csv,0.72,0.0,0.344686,55.24,0.002807,0.697273,36.25,-4.829842,3.226327,36.25,-2.854179,2.544567
25101,9083,1956-09-13,1983-12-31,data/processed/parquet/estacion=25101.parquet,data/processed/csv/estacion=25101.csv,0.35,0.0,0.654289,89.99,0.007618,0.585004,89.99,-2.994259,2.206559,89.99,-2.048396,1.819362
25102,7670,1995-01-01,2017-12-31,data/processed/parquet/estacion=25102.parquet,data/processed/csv/estacion=25102.csv,0.0,0.0,0.640973,0.74,0.0,0.601043,0.0,-3.30019,2.002605,0.0,-2.402941,2.141675
25103,7805,2004-02-01,2025-10-31,data/processed/parquet/estacion=25103.parquet,data/processed/csv/estacion=25103.csv,0.08,0.0,0.466069,12.35,0.000401,0.674018,0.08,-5.033796,2.920397,0.08,-3.176493,2.786301
25105,7473,2004-02-01,2025-04-30,data/processed/parquet/estacion=25105.parquet,data/processed/csv/estacion=25105.csv,0.01,0.0,0.409731,12.9,0.001604,0.982358,0.03,-3.708097,2.308536,0.03,-3.579384,1.819362
25106,7639,2003-11-01,2025-11-30,data/processed/parquet/estacion=25106.parquet,data/processed/csv/estacion=25106.csv,0.08,0.0,0.855058,100.0,,,0.14,-4.217981,2.716443,0.14,-2.693023,2.947458
25107,7294,2003-10-01,2025-05-31,data/processed/parquet/estacion=25107.parquet,data/processed/csv/estacion=25107.csv,0.04,0.0,0.528297,100.0,,,1.23,-3.912051,2.81842,1.23,-2.531866,2.061097
25110,21773,1960-01-01,2025-05-31,data/processed/parquet/estacion=25110.parquet,data/processed/csv/estacion=25110.csv,0.35,0.0,0.857875,55.1,0.000401,0.641139,1.98,-3.912051,2.920397,1.98,-3.498806,2.141675
25111,1973,1970-11-02,1977-05-31,data/processed/parquet/estacion=25111.parquet,data/processed/csv/estacion=25111.csv,0.46,0.0,0.290653,65.48,0.007618,0.52085,1.27,-3.30019,2.81842,1.27,-2.531866,2.222253
25112,1002,1970-11-01,1975-02-28,data/processed/parquet/estacion=25112.parquet,data/processed/csv/estacion=25112.csv,0.1,0.0,0.256082,0.3,0.039695,0.159984,0.3,-3.402166,1.288768,0.3,-1.242613,1.980518
25113,517,1970-11-01,1974-06-30,data/processed/parquet/estacion=25113.parquet,data/processed/csv/estacion=25113.csv,0.0,0.0,0.147247,0.39,0.019647,0.480754,1.55,-2.994259,1.696675,1.55,-2.048396,1.738784
25114,882,1972-01-01,1974-06-30,data/processed/parquet/estacion=25114.parquet,data/processed/csv/estacion=25114.csv,0.0,0.0,0.175672,0.23,0.011628,0.661187,0.0,-2.994259,2.410513,0.0,-2.693023,1.89994
25115,20413,1953-01-01,2013-07-31,data/processed/parquet/estacion=25115.parquet,data/processed/csv/estacion=25115.csv,0.24,0.0,0.514469,2.61,0.003609,0.717322,0.21,-3.912051,2.716443,0.21,-2.773601,2.141675
25116,21867,1961-01-01,2026-03-31,data/processed/parquet/estacion=25116.parquet,data/processed/csv/estacion=25116.csv,0.0,0.0,0.540333,22.61,0.0,0.721331,0.18,-3.912051,3.12435,0.18,-2.934758,2.302832
25117,11922,1922-02-01,1972-08-31,data/processed/parquet/estacion=25117.parquet,data/processed/csv/estacion=25117.csv,2.62,0.0,0.783867,100.0,,,49.44,-3.810074,2.206559,49.44,-2.531866,2.786301
25118,11780,1961-01-01,1999-12-31,data/processed/parquet/estacion=25118.parquet,data/processed/csv/estacion=25118.csv,0.05,0.0,0.665813,0.27,0.003609,0.634723,0.02,-3.708097,3.430281,0.02,-2.531866,1.819362
25119,20902,1966-06-01,2026-04-30,data/processed/parquet/estacion=25119.parquet,data/processed/csv/estacion=25119.csv,0.01,0.0,0.819462,55.53,0.0,0.585004,0.17,-3.198213,2.104582,0.17,-2.773601,1.89994
25121,9092,2000-11-01,2025-11-30,data/processed/parquet/estacion=25121.parquet,data/processed/csv/estacion=25121.csv,0.02,0.0,0.396927,100.0,,,1.37,-3.402166,2.716443,1.37,-2.693023,2.463988
25122,3415,1961-01-01,1979-12-31,data/processed/parquet/estacion=25122.parquet,data/processed/csv/estacion=25122.csv,0.91,0.0,0.241485,0.03,0.000401,0.580994,0.03,-4.217981,2.206559,0.03,-3.659962,1.41647
25123,1307,1974-01-01,1978-12-30,data/processed/parquet/estacion=25123.parquet,data/processed/csv/estacion=25123.csv,0.77,0.0,0.102433,100.0,,,0.77,-4.421935,3.12435,0.77,-2.693023,1.819362
25124,1782,1966-01-01,1977-11-30,data/processed/parquet/estacion=25124.parquet,data/processed/csv/estacion=25124.csv,1.63,0.0,0.145967,100.0,,,1.68,-4.829842,3.12435,1.68,-3.176493,3.108615
25125,1409,1969-01-01,1977-12-31,data/processed/parquet/estacion=25125.parquet,data/processed/csv/estacion=25125.csv,1.92,0.0,0.409731,100.0,,,6.6,-2.586352,3.940165,6.6,-2.048396,2.302832
25128,1793,1969-01-01,1978-12-31,data/processed/parquet/estacion=25128.parquet,data/processed/csv/estacion=25128.csv,0.0,0.0,0.204866,100.0,,,0.0,-4.421935,1.084814,0.0,-1.88724,1.819362
25129,662,1969-01-01,1975-12-18,data/processed/parquet/estacion=25129.parquet,data/processed/csv/estacion=25129.csv,5.14,0.0,0.035851,100.0,,,6.19,-2.586352,1.492721,6.19,-1.88724,1.89994
25130,584,1974-03-01,1977-07-30,data/processed/parquet/estacion=25130.parquet,data/processed/csv/estacion=25130.csv,0.0,0.0,0.169014,100.0,,,0.0,-1.974491,1.900629,0.0,-1.081457,1.819362
25131,927,1969-01-01,1978-07-31,data/processed/parquet/estacion=25131.parquet,data/processed/csv/estacion=25131.csv,0.86,0.0,0.115237,100.0,,,6.04,-3.891655,1.900629,6.04,-2.386825,2.141675
25132,1418,1973-01-01,1977-12-31,data/processed/parquet/estacion=25132.parquet,data/processed/csv/estacion=25132.csv,0.63,0.0,0.396927,100.0,,,0.14,-2.178445,0.88086,0.14,-2.048396,1.497049
25133,1567,1969-01-01,1977-12-31,data/processed/parquet/estacion=25133.parquet,data/processed/csv/estacion=25133.csv,0.7,0.0,0.204866,100.0,,,4.66,-3.810074,2.104582,4.66,-2.693023,2.302832
25134,1214,1969-01-01,1977-12-31,data/processed/parquet/estacion=25134.parquet,data/processed/csv/estacion=25134.csv,2.31,0.0,0.302177,100.0,,,7.25,-2.586352,0.676907,7.25,-2.209553,1.174735
25135,2781,1966-01-02,1977-12-31,data/processed/parquet/estacion=25135.parquet,data/processed/csv/estacion=25135.csv,6.22,0.0,0.37644,100.0,,,7.44,-2.994259,1.084814,7.44,-2.37071,1.819362
25137,857,1973-01-02,1977-12-30,data/processed/parquet/estacion=25137.parquet,data/processed/csv/estacion=25137.csv,0.0,0.0,0.199744,100.0,,,3.5,-2.178445,1.288768,3.5,-0.114517,2.947458
25138,675,1973-03-01,1976-09-30,data/processed/parquet/estacion=25138.parquet,data/processed/csv/estacion=25138.csv,0.0,0.0,0.115237,100.0,,,0.3,-2.586352,2.716443,0.3,-0.597987,2.786301
25139,698,1973-01-01,1975-08-30,data/processed/parquet/estacion=25139.parquet,data/processed/csv/estacion=25139.csv,0.0,0.0,0.133163,100.0,,,2.87,-1.974491,1.288768,2.87,-2.209553,2.463988
25142,1429,1973-01-02,1977-12-31,data/processed/parquet/estacion=25142.parquet,data/processed/csv/estacion=25142.csv,0.42,0.0,0.192061,100.0,,,1.33,-2.994259,2.716443,1.33,-2.693023,1.819362
25143,1764,1973-01-01,1977-12-31,data/processed/parquet/estacion=25143.parquet,data/processed/csv/estacion=25143.csv,0.85,0.0,0.268886,100.0,,,22.34,-3.402166,1.900629,22.34,-2.37071,1.819362
25144,1502,1973-01-01,1977-12-31,data/processed/parquet/estacion=25144.parquet,data/processed/csv/estacion=25144.csv,1.26,0.0,0.230474,100.0,,,6.06,-2.382398,1.900629,6.06,-2.531866,2.141675
25148,2412,1973-02-17,1979-09-30,data/processed/parquet/estacion=25148.parquet,data/processed/csv/estacion=25148.csv,2.57,0.0,0.222791,100.0,,,0.08,-4.014027,2.308536,0.08,-2.693023,1.819362
25149,1516,1974-12-06,1988-06-30,data/processed/parquet/estacion=25149.parquet,data/processed/csv/estacion=25149.csv,0.0,0.0,0.207426,36.15,0.015638,0.525662,24.14,-2.790305,1.492721,24.14,-2.209553,1.819362
25150,18069,1974-01-01,2025-07-31,data/processed/parquet/estacion=25150.parquet,data/processed/csv/estacion=25150.csv,1.43,0.0,0.547247,66.47,0.006816,0.619086,9.05,-3.096236,2.512489,9.05,-3.659962,1.819362
25151,3469,1975-01-01,1984-08-31,data/processed/parquet/estacion=25151.parquet,data/processed/csv/estacion=25151.csv,0.06,0.0,0.263764,29.84,0.005613,0.645148,0.0,-3.402166,2.512489,0.0,-2.854179,1.89994
25153,2262,2019-01-01,2026-03-31,data/processed/parquet/estacion=25153.parquet,data/processed/csv/estacion=25153.csv,1.59,0.0,0.362356,98.72,0.042502,0.685245,3.71,-2.688329,2.512489,3.71,-2.451288,1.980518
25155,11308,1981-01-01,2026-02-28,data/processed/parquet/estacion=25155.parquet,data/processed/csv/estacion=25155.csv,1.11,0.0,0.335211,57.62,0.001604,0.709302,5.9,-4.829842,3.328304,5.9,-3.337649,2.834648
25158,12926,1978-08-19,2025-05-31,data/processed/parquet/estacion=25158.parquet,data/processed/csv/estacion=25158.csv,0.19,0.0,0.651472,81.13,0.003609,0.699278,2.73,-4.625888,4.552026,2.73,-3.015336,2.141675
25159,1573,1978-01-01,1982-12-31,data/processed/parquet/estacion=25159.parquet,data/processed/csv/estacion=25159.csv,0.0,0.0,0.464277,55.31,0.011628,0.51684,9.79,-2.994259,1.594698,9.79,-2.451288,1.89994
25160,1827,1978-09-01,1984-06-30,data/processed/parquet/estacion=25160.parquet,data/processed/csv/estacion=25160.csv,1.75,0.0,0.266325,0.16,0.004812,0.444667,0.05,-3.096236,1.390744,0.05,-2.531866,1.89994
25161,11937,1970-01-01,2025-06-30,data/processed/parquet/estacion=25161.parquet,data/processed/csv/estacion=25161.csv,0.37,0.0,0.711908,21.02,0.002406,0.544908,0.99,-3.096236,2.002605,0.99,-2.290131,2.222253
25162,1311,1978-09-01,1983-10-31,data/processed/parquet/estacion=25162.parquet,data/processed/csv/estacion=25162.csv,0.0,0.0,0.366197,2.52,0.011628,0.492783,7.02,-2.484375,2.206559,7.02,-1.967818,1.658205
25163,1644,1978-01-01,2002-01-31,data/processed/parquet/estacion=25163.parquet,data/processed/csv/estacion=25163.csv,2.49,0.0,0.550576,7.48,0.011628,0.562951,8.33,-2.994259,2.104582,8.33,-2.37071,1.89994
25164,2992,1978-01-01,2004-06-30,data/processed/parquet/estacion=25164.parquet,data/processed/csv/estacion=25164.csv,0.2,0.0,0.314981,20.96,0.003609,0.657177,0.57,-3.585725,2.512489,0.57,-2.048396,1.980518
25165,2073,1965-01-01,1984-06-30,data/processed/parquet/estacion=25165.parquet,data/processed/csv/estacion=25165.csv,1.69,0.0,0.358515,64.79,0.015638,0.476744,0.05,-2.994259,2.410513,0.05,-2.37071,1.819362
25166,2050,1969-01-02,1984-06-30,data/processed/parquet/estacion=25166.parquet,data/processed/csv/estacion=25166.csv,0.05,0.0,0.371319,37.71,0.0,0.601043,6.49,-3.198213,2.716443,6.49,-2.209553,3.269771
25167,3839,1978-09-01,2025-11-30,data/processed/parquet/estacion=25167.parquet,data/processed/csv/estacion=25167.csv,0.86,0.0,0.614597,68.51,0.003609,0.476744,0.91,-2.994259,2.512489,0.91,-2.531866,2.061097
25168,2069,1970-01-01,1984-06-30,data/processed/parquet/estacion=25168.parquet,data/processed/csv/estacion=25168.csv,0.05,0.0,0.192061,17.64,0.055734,0.483561,17.64,-3.402166,1.696675,17.64,-1.726083,2.141675
25169,2100,1978-01-01,1984-06-30,data/processed/parquet/estacion=25169.parquet,data/processed/csv/estacion=25169.csv,0.05,0.0,0.245839,31.81,0.031676,0.573777,0.05,-2.994259,1.798652,0.05,-1.726083,1.980518
25170,765,1978-09-01,1981-01-31,data/processed/parquet/estacion=25170.parquet,data/processed/csv/estacion=25170.csv,0.0,0.0,0.28169,75.95,0.003609,0.496792,0.0,-3.60612,1.696675,0.0,-2.693023,1.980518
25171,11433,1978-02-01,2025-04-30,data/processed/parquet/estacion=25171.parquet,data/processed/csv/estacion=25171.csv,0.43,0.0,0.612036,22.46,0.004812,0.642342,1.27,-4.217981,2.512489,1.27,-2.854179,1.980518
25172,15798,1978-11-01,2025-05-31,data/processed/parquet/estacion=25172.parquet,data/processed/csv/estacion=25172.csv,0.36,0.0,0.665813,99.97,0.000401,0.000401,1.58,-3.60612,3.12435,1.58,-2.693023,2.141675
25173,5934,2003-09-12,2025-04-30,data/processed/parquet/estacion=25173.parquet,data/processed/csv/estacion=25173.csv,0.59,0.0,0.901408,62.99,0.002807,0.627105,1.37,-4.217981,2.104582,1.37,-2.854179,2.38341
25174,1906,1978-09-01,1985-08-31,data/processed/parquet/estacion=25174.parquet,data/processed/csv/estacion=25174.csv,0.0,0.0,0.227913,2.89,0.003609,0.492783,1.57,-3.402166,2.716443,1.57,-2.693023,1.658205
25175,1453,1980-08-08,1984-12-31,data/processed/parquet/estacion=25175.parquet,data/processed/csv/estacion=25175.csv,0.07,0.0,0.384123,6.54,0.003609,0.621091,0.14,-3.198213,2.410513,0.14,-2.209553,1.980518
25176,15675,1979-08-16,2025-07-31,data/processed/parquet/estacion=25176.parquet,data/processed/csv/estacion=25176.csv,0.01,0.0,0.727273,68.91,0.003208,0.699278,0.59,-3.096236,1.594698,0.59,-2.854179,1.819362
25177,3817,1979-11-01,1990-12-31,data/processed/parquet/estacion=25177.parquet,data/processed/csv/estacion=25177.csv,0.92,0.0,0.640205,79.12,0.003609,0.528869,0.16,-5.441703,1.492721,0.16,-2.693023,1.174735
25178,12539,1979-09-01,2025-04-30,data/processed/parquet/estacion=25178.parquet,data/processed/csv/estacion=25178.csv,0.03,0.0,0.590269,74.59,0.003609,0.598236,0.17,-4.421935,2.512489,0.17,-3.176493,1.980518
25179,1797,1979-01-01,1984-06-30,data/processed/parquet/estacion=25179.parquet,data/processed/csv/estacion=25179.csv,1.84,0.0,0.371319,0.06,0.006014,0.601043,0.0,-2.688329,1.492721,0.0,-1.967818,1.980518
25180,5317,1981-07-01,2005-11-27,data/processed/parquet/estacion=25180.parquet,data/processed/csv/estacion=25180.csv,0.11,0.0,0.486556,71.75,0.0,0.554531,28.93,-3.504143,3.022374,28.93,-2.531866,1.819362
25181,6884,1981-01-01,2003-01-31,data/processed/parquet/estacion=25181.parquet,data/processed/csv/estacion=25181.csv,0.46,0.0,0.514213,95.12,0.019647,0.709302,3.63,-3.402166,3.328304,3.63,-2.693023,1.497049
25183,14576,1981-01-01,2025-04-30,data/processed/parquet/estacion=25183.parquet,data/processed/csv/estacion=25183.csv,0.32,0.0,1.0,4.18,0.001604,0.835605,0.1,-3.60612,2.308536,0.1,-2.693023,1.819362
25184,2310,1982-07-01,2008-05-31,data/processed/parquet/estacion=25184.parquet,data/processed/csv/estacion=25184.csv,1.43,0.0,0.53009,0.09,0.003609,0.560946,0.09,-4.014027,2.308536,0.09,-2.209553,1.658205
25185,1339,1982-01-01,1985-08-31,data/processed/parquet/estacion=25185.parquet,data/processed/csv/estacion=25185.csv,0.0,0.0,0.297055,0.0,0.007618,0.52085,0.0,-2.790305,1.900629,0.0,-1.88724,1.819362
25186,12423,1982-01-01,2024-10-31,data/processed/parquet/estacion=25186.parquet,data/processed/csv/estacion=25186.csv,0.06,0.0,0.556466,100.0,,,0.21,-3.30019,2.614466,0.21,-2.290131,1.980518
25188,1126,1982-03-01,1986-04-30,data/processed/parquet/estacion=25188.parquet,data/processed/csv/estacion=25188.csv,0.27,0.0,0.717029,100.0,,,0.36,-5.645657,-0.138908,0.36,-3.498806,0.368952
25190,730,1982-01-01,1983-12-31,data/processed/parquet/estacion=25190.parquet,data/processed/csv/estacion=25190.csv,0.0,0.0,0.175416,0.14,0.007618,0.484763,0.0,-3.810074,2.104582,0.0,-2.37071,1.497049
25191,547,1998-10-01,2001-03-31,data/processed/parquet/estacion=25191.parquet,data/processed/csv/estacion=25191.csv,0.0,0.0,0.204866,0.0,0.003609,0.377706,0.0,-2.790305,1.492721,0.0,-1.162035,1.89994
25192,3614,1983-01-01,1993-12-31,data/processed/parquet/estacion=25192.parquet,data/processed/csv/estacion=25192.csv,1.19,0.0,0.446863,9.32,0.003609,0.557338,0.17,-3.198213,1.084814,0.17,-1.88724,1.980518
25193,2161,2019-01-01,2024-11-30,data/processed/parquet/estacion=25193.parquet,data/processed/csv/estacion=25193.csv,0.05,0.0,0.460948,100.0,,,0.05,-3.402166,2.920397,0.05,-2.531866,1.819362
25194,2519,2019-01-01,2025-11-30,data/processed/parquet/estacion=25194.parquet,data/processed/csv/estacion=25194.csv,0.12,0.0,0.384123,100.0,,,0.2,-2.586352,3.12435,0.2,-2.048396,1.980518
25197,1983,2020-01-01,2025-07-31,data/processed/parquet/estacion=25197.parquet,data/processed/csv/estacion=25197.csv,0.0,0.0,0.259155,100.0,,,0.0,-2.994259,2.512489,0.0,-2.531866,1.819362
25198,1277,2020-04-01,2025-05-31,data/processed/parquet/estacion=25198.parquet,data/processed/csv/estacion=25198.csv,0.08,0.0,0.524968,100.0,,,0.23,-3.096236,3.634235,0.23,-2.451288,2.222253
25199,1323,2019-01-01,2025-06-30,data/processed/parquet/estacion=25199.parquet,data/processed/csv/estacion=25199.csv,2.34,0.0,0.302177,100.0,,,4.99,-1.770537,2.104582,4.99,-1.564927,2.061097
