modelo,variable,lag,acf,pacf
BRITS-opt,precip,0,1.0,1.0
BRITS-opt,precip,1,0.16988,0.16988
BRITS-opt,precip,2,0.09303,0.06608
BRITS-opt,precip,3,0.07997,0.05583
BRITS-opt,precip,4,0.09132,0.06652
BRITS-opt,precip,5,0.07497,0.04309
BRITS-opt,precip,6,0.088,0.05827
BRITS-opt,precip,7,0.07977,0.04395
BRITS-opt,precip,8,0.07395,0.03742
BRITS-opt,precip,9,0.07601,0.0399
BRITS-opt,precip,10,0.07249,0.03371
BRITS-opt,precip,11,0.08402,0.04598
BRITS-opt,precip,12,0.07704,0.03415
BRITS-opt,precip,13,0.0803,0.03784
BRITS-opt,precip,14,0.09349,0.0501
BRITS-opt,precip,15,0.10426,0.05608
BRITS-opt,precip,16,0.12067,0.06944
BRITS-opt,precip,17,0.11479,0.05637
BRITS-opt,precip,18,0.088,0.02668
BRITS-opt,precip,19,0.10659,0.05161
BRITS-opt,precip,20,0.07916,0.01575
BRITS-opt,evap,0,1.0,1.0
BRITS-opt,evap,1,0.12502,0.12502
BRITS-opt,evap,2,0.05877,0.04382
BRITS-opt,evap,3,0.04646,0.03456
BRITS-opt,evap,4,0.06976,0.05873
BRITS-opt,evap,5,0.06873,0.05106
BRITS-opt,evap,6,0.04012,0.01965
BRITS-opt,evap,7,0.01565,-0.00077
BRITS-opt,evap,8,0.06206,0.05148
BRITS-opt,evap,9,0.00992,-0.01242
BRITS-opt,evap,10,0.04148,0.0309
BRITS-opt,evap,11,0.0542,0.04025
BRITS-opt,evap,12,0.04674,0.02679
BRITS-opt,evap,13,0.03798,0.01868
BRITS-opt,evap,14,0.02806,0.01046
BRITS-opt,evap,15,0.02819,0.0116
BRITS-opt,evap,16,0.03377,0.01365
BRITS-opt,evap,17,0.01556,-0.00039
BRITS-opt,evap,18,0.05107,0.03806
BRITS-opt,evap,19,0.04049,0.02052
BRITS-opt,evap,20,0.03997,0.02151
BRITS-opt,tmax,0,1.0,1.0
BRITS-opt,tmax,1,0.09841,0.09841
BRITS-opt,tmax,2,-0.00265,-0.01245
BRITS-opt,tmax,3,0.03335,0.03519
BRITS-opt,tmax,4,-0.00346,-0.01042
BRITS-opt,tmax,5,-0.00309,-0.00109
BRITS-opt,tmax,6,0.01155,0.0108
BRITS-opt,tmax,7,0.02158,0.01999
BRITS-opt,tmax,8,-0.01265,-0.01663
BRITS-opt,tmax,9,-0.004,-0.00144
BRITS-opt,tmax,10,0.01085,0.00993
BRITS-opt,tmax,11,0.00525,0.00452
BRITS-opt,tmax,12,0.00037,-0.00039
BRITS-opt,tmax,13,0.00225,0.0011
BRITS-opt,tmax,14,-0.00841,-0.00921
BRITS-opt,tmax,15,-0.00151,0.00111
BRITS-opt,tmax,16,-0.01524,-0.01594
BRITS-opt,tmax,17,0.02192,0.02534
BRITS-opt,tmax,18,0.00422,-0.00087
BRITS-opt,tmax,19,0.0049,0.00633
BRITS-opt,tmax,20,0.04839,0.04607
BRITS-opt,tmin,0,1.0,1.0
BRITS-opt,tmin,1,0.10637,0.10637
BRITS-opt,tmin,2,-0.00137,-0.01284
BRITS-opt,tmin,3,0.01859,0.02034
BRITS-opt,tmin,4,0.00133,-0.0029
BRITS-opt,tmin,5,-0.01715,-0.01688
BRITS-opt,tmin,6,0.01314,0.01663
BRITS-opt,tmin,7,0.03643,0.03336
BRITS-opt,tmin,8,0.01511,0.00864
BRITS-opt,tmin,9,-0.0058,-0.0084
BRITS-opt,tmin,10,0.01518,0.01548
BRITS-opt,tmin,11,0.01967,0.01654
BRITS-opt,tmin,12,0.00256,0.00028
BRITS-opt,tmin,13,-0.00192,-0.003
BRITS-opt,tmin,14,0.01006,0.00829
BRITS-opt,tmin,15,0.02452,0.02271
BRITS-opt,tmin,16,0.02046,0.01658
BRITS-opt,tmin,17,-0.00219,-0.00741
BRITS-opt,tmin,18,0.00515,0.00391
BRITS-opt,tmin,19,0.03374,0.03266
BRITS-opt,tmin,20,0.00953,0.00371
SAITS-opt,precip,0,1.0,1.0
SAITS-opt,precip,1,0.14338,0.14338
SAITS-opt,precip,2,0.06567,0.04606
SAITS-opt,precip,3,0.05451,0.03982
SAITS-opt,precip,4,0.06413,0.0496
SAITS-opt,precip,5,0.04128,0.02194
SAITS-opt,precip,6,0.05818,0.04351
SAITS-opt,precip,7,0.05041,0.03046
SAITS-opt,precip,8,0.0498,0.03028
SAITS-opt,precip,9,0.05173,0.03203
SAITS-opt,precip,10,0.03974,0.01753
SAITS-opt,precip,11,0.05066,0.03174
SAITS-opt,precip,12,0.04712,0.02459
SAITS-opt,precip,13,0.04929,0.02699
SAITS-opt,precip,14,0.06122,0.03864
SAITS-opt,precip,15,0.07182,0.04514
SAITS-opt,precip,16,0.08989,0.06096
SAITS-opt,precip,17,0.08498,0.04955
SAITS-opt,precip,18,0.05583,0.01834
SAITS-opt,precip,19,0.08218,0.05152
SAITS-opt,precip,20,0.05635,0.01697
SAITS-opt,evap,0,1.0,1.0
SAITS-opt,evap,1,0.16283,0.16283
SAITS-opt,evap,2,0.09466,0.07001
SAITS-opt,evap,3,0.06652,0.0421
SAITS-opt,evap,4,0.06145,0.04001
SAITS-opt,evap,5,0.05595,0.0341
SAITS-opt,evap,6,0.02022,-0.00283
SAITS-opt,evap,7,0.00637,-0.00744
SAITS-opt,evap,8,0.03644,0.03032
SAITS-opt,evap,9,-0.00578,-0.02048
SAITS-opt,evap,10,0.01401,0.0113
SAITS-opt,evap,11,0.03468,0.03093
SAITS-opt,evap,12,0.01418,0.00175
SAITS-opt,evap,13,0.01986,0.01096
SAITS-opt,evap,14,0.00513,-0.00339
SAITS-opt,evap,15,-0.00116,-0.00762
SAITS-opt,evap,16,0.01013,0.00568
SAITS-opt,evap,17,0.00382,0.00112
SAITS-opt,evap,18,0.01636,0.01372
SAITS-opt,evap,19,0.02707,0.0213
SAITS-opt,evap,20,-0.00016,-0.0092
SAITS-opt,tmax,0,1.0,1.0
SAITS-opt,tmax,1,0.08673,0.08673
SAITS-opt,tmax,2,-0.00274,-0.01034
SAITS-opt,tmax,3,0.03714,0.03857
SAITS-opt,tmax,4,-0.00533,-0.01209
SAITS-opt,tmax,5,-0.00437,-0.00225
SAITS-opt,tmax,6,0.00315,0.00217
SAITS-opt,tmax,7,0.02243,0.02276
SAITS-opt,tmax,8,-0.00978,-0.01364
SAITS-opt,tmax,9,0.00361,0.0059
SAITS-opt,tmax,10,0.0098,0.00711
SAITS-opt,tmax,11,0.01148,0.01151
SAITS-opt,tmax,12,0.00205,-0.00023
SAITS-opt,tmax,13,0.01073,0.01017
SAITS-opt,tmax,14,0.00061,-0.00242
SAITS-opt,tmax,15,0.00181,0.00293
SAITS-opt,tmax,16,-0.01527,-0.01695
SAITS-opt,tmax,17,0.009,0.01199
SAITS-opt,tmax,18,0.00728,0.00468
SAITS-opt,tmax,19,-0.00103,-0.00046
SAITS-opt,tmax,20,0.03276,0.03163
SAITS-opt,tmin,0,1.0,1.0
SAITS-opt,tmin,1,0.12005,0.12005
SAITS-opt,tmin,2,0.00394,-0.01063
SAITS-opt,tmin,3,0.01532,0.01636
SAITS-opt,tmin,4,-0.00437,-0.00826
SAITS-opt,tmin,5,-0.01285,-0.01137
SAITS-opt,tmin,6,0.01561,0.01852
SAITS-opt,tmin,7,0.0124,0.00847
SAITS-opt,tmin,8,0.0212,0.0195
SAITS-opt,tmin,9,-0.00438,-0.01001
SAITS-opt,tmin,10,0.01508,0.01697
SAITS-opt,tmin,11,0.01397,0.01012
SAITS-opt,tmin,12,0.00529,0.00302
SAITS-opt,tmin,13,0.00926,0.00819
SAITS-opt,tmin,14,0.00922,0.00607
SAITS-opt,tmin,15,0.01166,0.0104
SAITS-opt,tmin,16,0.01167,0.00856
SAITS-opt,tmin,17,0.00357,0.00089
SAITS-opt,tmin,18,0.01379,0.01253
SAITS-opt,tmin,19,0.03559,0.03242
SAITS-opt,tmin,20,0.01001,0.0018
XGBoost-opt,precip,0,1.0,1.0
XGBoost-opt,precip,1,-0.10086,-0.10086
XGBoost-opt,precip,2,-0.00097,-0.01126
XGBoost-opt,precip,3,-0.04437,-0.04608
XGBoost-opt,precip,4,-0.01322,-0.02271
XGBoost-opt,precip,5,-0.00663,-0.01121
XGBoost-opt,precip,6,0.01812,0.01409
XGBoost-opt,precip,7,-0.03775,-0.03674
XGBoost-opt,precip,8,0.0108,0.00244
XGBoost-opt,precip,9,0.01087,0.01277
XGBoost-opt,precip,10,-0.00724,-0.00768
XGBoost-opt,precip,11,-0.00616,-0.00809
XGBoost-opt,precip,12,0.01022,0.00934
XGBoost-opt,precip,13,-0.00711,-0.00438
XGBoost-opt,precip,14,0.00322,-7e-05
XGBoost-opt,precip,15,-0.01415,-0.01343
XGBoost-opt,precip,16,0.00786,0.00596
XGBoost-opt,precip,17,-0.02439,-0.02414
XGBoost-opt,precip,18,0.045,0.0387
XGBoost-opt,precip,19,-0.00964,-0.00042
XGBoost-opt,precip,20,0.07108,0.06952
XGBoost-opt,evap,0,1.0,1.0
XGBoost-opt,evap,1,-0.19974,-0.19974
XGBoost-opt,evap,2,-0.04241,-0.08572
XGBoost-opt,evap,3,-0.02493,-0.05377
XGBoost-opt,evap,4,-0.02025,-0.04277
XGBoost-opt,evap,5,0.05551,0.03924
XGBoost-opt,evap,6,-0.01772,-0.00262
XGBoost-opt,evap,7,-0.0045,-0.00409
XGBoost-opt,evap,8,0.03989,0.04195
XGBoost-opt,evap,9,-0.02657,-0.00843
XGBoost-opt,evap,10,0.01474,0.0104
XGBoost-opt,evap,11,0.01216,0.01979
XGBoost-opt,evap,12,0.02311,0.03399
XGBoost-opt,evap,13,-0.00573,0.00535
XGBoost-opt,evap,14,0.03242,0.0427
XGBoost-opt,evap,15,0.01489,0.03438
XGBoost-opt,evap,16,0.00643,0.02157
XGBoost-opt,evap,17,-0.02122,-0.01066
XGBoost-opt,evap,18,0.01391,0.01196
XGBoost-opt,evap,19,0.03374,0.03626
XGBoost-opt,evap,20,0.01988,0.03454
XGBoost-opt,tmax,0,1.0,1.0
XGBoost-opt,tmax,1,-0.05709,-0.05709
XGBoost-opt,tmax,2,-0.0251,-0.02845
XGBoost-opt,tmax,3,-0.00273,-0.00585
XGBoost-opt,tmax,4,-0.00897,-0.01023
XGBoost-opt,tmax,5,0.02526,0.02401
XGBoost-opt,tmax,6,-0.01293,-0.01062
XGBoost-opt,tmax,7,0.00782,0.00774
XGBoost-opt,tmax,8,0.01305,0.01351
XGBoost-opt,tmax,9,-0.00334,-0.00103
XGBoost-opt,tmax,10,0.00309,0.00283
XGBoost-opt,tmax,11,0.00661,0.00769
XGBoost-opt,tmax,12,-0.02027,-0.01969
XGBoost-opt,tmax,13,0.0313,0.02905
XGBoost-opt,tmax,14,0.0058,0.00871
XGBoost-opt,tmax,15,0.02041,0.02258
XGBoost-opt,tmax,16,0.02205,0.02464
XGBoost-opt,tmax,17,0.00905,0.01475
XGBoost-opt,tmax,18,0.0168,0.01784
XGBoost-opt,tmax,19,0.00147,0.0053
XGBoost-opt,tmax,20,0.01643,0.01758
XGBoost-opt,tmin,0,1.0,1.0
XGBoost-opt,tmin,1,0.03827,0.03827
XGBoost-opt,tmin,2,0.00039,-0.00108
XGBoost-opt,tmin,3,0.01098,0.01102
XGBoost-opt,tmin,4,-0.0177,-0.01857
XGBoost-opt,tmin,5,-0.02461,-0.02325
XGBoost-opt,tmin,6,-0.00742,-0.00575
XGBoost-opt,tmin,7,0.00226,0.00314
XGBoost-opt,tmin,8,0.03178,0.03188
XGBoost-opt,tmin,9,-0.01635,-0.01952
XGBoost-opt,tmin,10,0.02476,0.02539
XGBoost-opt,tmin,11,0.0126,0.0097
XGBoost-opt,tmin,12,0.00711,0.00793
XGBoost-opt,tmin,13,0.01193,0.01176
XGBoost-opt,tmin,14,-0.00509,-0.00589
XGBoost-opt,tmin,15,-0.01954,-0.01814
XGBoost-opt,tmin,16,-0.04083,-0.03975
XGBoost-opt,tmin,17,0.00623,0.01145
XGBoost-opt,tmin,18,-0.03154,-0.03359
XGBoost-opt,tmin,19,-0.01482,-0.012
XGBoost-opt,tmin,20,-0.01093,-0.01337
BiGRU-opt,precip,0,1.0,1.0
BiGRU-opt,precip,1,0.14716,0.14716
BiGRU-opt,precip,2,0.06622,0.04555
BiGRU-opt,precip,3,0.05134,0.03619
BiGRU-opt,precip,4,0.05798,0.04394
BiGRU-opt,precip,5,0.03986,0.02205
BiGRU-opt,precip,6,0.05332,0.03931
BiGRU-opt,precip,7,0.05139,0.03313
BiGRU-opt,precip,8,0.03965,0.02017
BiGRU-opt,precip,9,0.04023,0.02333
BiGRU-opt,precip,10,0.04148,0.0236
BiGRU-opt,precip,11,0.05616,0.03827
BiGRU-opt,precip,12,0.04564,0.02308
BiGRU-opt,precip,13,0.0447,0.02345
BiGRU-opt,precip,14,0.05851,0.03771
BiGRU-opt,precip,15,0.07246,0.04768
BiGRU-opt,precip,16,0.09076,0.0625
BiGRU-opt,precip,17,0.0901,0.05523
BiGRU-opt,precip,18,0.06002,0.02196
BiGRU-opt,precip,19,0.08691,0.05652
BiGRU-opt,precip,20,0.05981,0.02063
BiGRU-opt,evap,0,1.0,1.0
BiGRU-opt,evap,1,0.15321,0.15321
BiGRU-opt,evap,2,0.07492,0.05268
BiGRU-opt,evap,3,0.0583,0.04041
BiGRU-opt,evap,4,0.0609,0.04409
BiGRU-opt,evap,5,0.05871,0.03936
BiGRU-opt,evap,6,0.03852,0.01742
BiGRU-opt,evap,7,0.02116,0.00385
BiGRU-opt,evap,8,0.04879,0.03724
BiGRU-opt,evap,9,-0.00632,-0.02681
BiGRU-opt,evap,10,0.02396,0.01928
BiGRU-opt,evap,11,0.04727,0.03786
BiGRU-opt,evap,12,0.03458,0.01741
BiGRU-opt,evap,13,0.02821,0.01308
BiGRU-opt,evap,14,0.01981,0.00646
BiGRU-opt,evap,15,0.00931,-0.00327
BiGRU-opt,evap,16,0.01414,0.00266
BiGRU-opt,evap,17,0.00339,-0.00448
BiGRU-opt,evap,18,0.01569,0.00907
BiGRU-opt,evap,19,0.02117,0.01289
BiGRU-opt,evap,20,0.01674,0.00922
BiGRU-opt,tmax,0,1.0,1.0
BiGRU-opt,tmax,1,0.07802,0.07802
BiGRU-opt,tmax,2,-0.00206,-0.0082
BiGRU-opt,tmax,3,0.04172,0.04278
BiGRU-opt,tmax,4,-0.00821,-0.01499
BiGRU-opt,tmax,5,-0.00481,-0.00243
BiGRU-opt,tmax,6,0.0079,0.00657
BiGRU-opt,tmax,7,0.02112,0.02106
BiGRU-opt,tmax,8,-0.01129,-0.01444
BiGRU-opt,tmax,9,0.00142,0.00312
BiGRU-opt,tmax,10,0.01039,0.00825
BiGRU-opt,tmax,11,0.01495,0.01529
BiGRU-opt,tmax,12,-0.00401,-0.00669
BiGRU-opt,tmax,13,0.00399,0.004
BiGRU-opt,tmax,14,-0.00142,-0.00351
BiGRU-opt,tmax,15,0.00569,0.00764
BiGRU-opt,tmax,16,-0.01174,-0.01369
BiGRU-opt,tmax,17,0.01907,0.02116
BiGRU-opt,tmax,18,0.00551,0.00115
BiGRU-opt,tmax,19,-0.00485,-0.00329
BiGRU-opt,tmax,20,0.03417,0.03277
BiGRU-opt,tmin,0,1.0,1.0
BiGRU-opt,tmin,1,0.11368,0.11368
BiGRU-opt,tmin,2,0.00301,-0.01005
BiGRU-opt,tmin,3,0.01786,0.01891
BiGRU-opt,tmin,4,-0.00686,-0.01117
BiGRU-opt,tmin,5,-0.01033,-0.00822
BiGRU-opt,tmin,6,0.01502,0.01696
BiGRU-opt,tmin,7,0.02409,0.02094
BiGRU-opt,tmin,8,0.03614,0.0319
BiGRU-opt,tmin,9,-0.00186,-0.01027
BiGRU-opt,tmin,10,0.01521,0.01653
BiGRU-opt,tmin,11,0.02363,0.01969
BiGRU-opt,tmin,12,0.00411,0.00039
BiGRU-opt,tmin,13,-0.00223,-0.00312
BiGRU-opt,tmin,14,0.00666,0.00524
BiGRU-opt,tmin,15,0.01398,0.01222
BiGRU-opt,tmin,16,0.00201,-0.00163
BiGRU-opt,tmin,17,-0.00471,-0.00568
BiGRU-opt,tmin,18,0.00192,0.00071
BiGRU-opt,tmin,19,0.02448,0.02359
BiGRU-opt,tmin,20,-0.00377,-0.00896
